<?xml version="1.0" encoding="iso-8859-1" standalone="yes"?>

<pattrstorage name = "ambDefault">
	<slot number = "1">
		<pattr name = "mood" value = "pent" />
		<pattr name = "tempo" value = "60" />
		<patcher name = "critter[1]">
			<patcher name = "ambFace">
				<pattr name = "key" value = "0" />
				<pattr name = "legato" value = "100" />
				<pattr name = "loud" value = "95" />
				<pattr name = "on" value = "1" />
				<pattr name = "pitch" value = "60" />
				<pattr name = "pulse" value = "120" />
				<pattr name = "range" value = "12" />
				<pattr name = "repeatprob" value = "0.1" />
				<pattr name = "rhy" value = "0" />
				<pattr name = "sound" value = "12" />
				<pattr name = "stepprob" value = "0.1" />
			</patcher>
		</patcher>
		<patcher name = "critter[2]">
			<patcher name = "ambFace">
				<pattr name = "key" value = "0" />
				<pattr name = "legato" value = "100" />
				<pattr name = "loud" value = "120" />
				<pattr name = "on" value = "1" />
				<pattr name = "pitch" value = "60" />
				<pattr name = "pulse" value = "90" />
				<pattr name = "range" value = "12" />
				<pattr name = "repeatprob" value = "0.1" />
				<pattr name = "rhy" value = "0" />
				<pattr name = "sound" value = "12" />
				<pattr name = "stepprob" value = "0.1" />
			</patcher>
		</patcher>
		<patcher name = "critter[3]">
			<patcher name = "ambFace">
				<pattr name = "key" value = "0" />
				<pattr name = "legato" value = "100" />
				<pattr name = "loud" value = "104" />
				<pattr name = "on" value = "1" />
				<pattr name = "pitch" value = "60" />
				<pattr name = "pulse" value = "60" />
				<pattr name = "range" value = "12" />
				<pattr name = "repeatprob" value = "0.1" />
				<pattr name = "rhy" value = "0" />
				<pattr name = "sound" value = "12" />
				<pattr name = "stepprob" value = "0.1" />
			</patcher>
		</patcher>
		<patcher name = "critter[4]">
			<patcher name = "ambFace">
				<pattr name = "key" value = "0" />
				<pattr name = "legato" value = "100" />
				<pattr name = "loud" value = "121" />
				<pattr name = "on" value = "1" />
				<pattr name = "pitch" value = "60" />
				<pattr name = "pulse" value = "30" />
				<pattr name = "range" value = "12" />
				<pattr name = "repeatprob" value = "0.1" />
				<pattr name = "rhy" value = "0" />
				<pattr name = "sound" value = "12" />
				<pattr name = "stepprob" value = "0.1" />
			</patcher>
		</patcher>
	</slot>
	<slot number = "2">
		<pattr name = "mood" value = "pelog" />
		<pattr name = "tempo" value = "189" />
		<patcher name = "critter[1]">
			<patcher name = "ambFace">
				<pattr name = "key" value = "3" />
				<pattr name = "legato" value = "100" />
				<pattr name = "loud" value = "123" />
				<pattr name = "on" value = "1" />
				<pattr name = "pitch" value = "60" />
				<pattr name = "pulse" value = "30" />
				<pattr name = "range" value = "6" />
				<pattr name = "repeatprob" value = "0.1" />
				<pattr name = "rhy" value = "0" />
				<pattr name = "sound" value = "13" />
				<pattr name = "stepprob" value = "0.1" />
			</patcher>
		</patcher>
		<patcher name = "critter[2]">
			<patcher name = "ambFace">
				<pattr name = "key" value = "3" />
				<pattr name = "legato" value = "100" />
				<pattr name = "loud" value = "79" />
				<pattr name = "on" value = "1" />
				<pattr name = "pitch" value = "60" />
				<pattr name = "pulse" value = "60" />
				<pattr name = "range" value = "6" />
				<pattr name = "repeatprob" value = "0.1" />
				<pattr name = "rhy" value = "0" />
				<pattr name = "sound" value = "13" />
				<pattr name = "stepprob" value = "0.1" />
			</patcher>
		</patcher>
		<patcher name = "critter[3]">
			<patcher name = "ambFace">
				<pattr name = "key" value = "3" />
				<pattr name = "legato" value = "100" />
				<pattr name = "loud" value = "78" />
				<pattr name = "on" value = "1" />
				<pattr name = "pitch" value = "60" />
				<pattr name = "pulse" value = "30" />
				<pattr name = "range" value = "6" />
				<pattr name = "repeatprob" value = "0.1" />
				<pattr name = "rhy" value = "0" />
				<pattr name = "sound" value = "13" />
				<pattr name = "stepprob" value = "0.1" />
			</patcher>
		</patcher>
		<patcher name = "critter[4]">
			<patcher name = "ambFace">
				<pattr name = "key" value = "3" />
				<pattr name = "legato" value = "100" />
				<pattr name = "loud" value = "89" />
				<pattr name = "on" value = "1" />
				<pattr name = "pitch" value = "60" />
				<pattr name = "pulse" value = "15" />
				<pattr name = "range" value = "6" />
				<pattr name = "repeatprob" value = "0.1" />
				<pattr name = "rhy" value = "0" />
				<pattr name = "sound" value = "13" />
				<pattr name = "stepprob" value = "0.1" />
			</patcher>
		</patcher>
	</slot>
	<slot number = "3">
		<pattr name = "mood" value = "whole" />
		<pattr name = "tempo" value = "30" />
		<patcher name = "critter[1]">
			<patcher name = "ambFace">
				<pattr name = "key" value = "6" />
				<pattr name = "legato" value = "100" />
				<pattr name = "loud" value = "113" />
				<pattr name = "on" value = "1" />
				<pattr name = "pitch" value = "23" />
				<pattr name = "pulse" value = "45" />
				<pattr name = "range" value = "9" />
				<pattr name = "repeatprob" value = "0.1" />
				<pattr name = "rhy" value = "0" />
				<pattr name = "sound" value = "12" />
				<pattr name = "stepprob" value = "0.1" />
			</patcher>
		</patcher>
		<patcher name = "critter[2]">
			<patcher name = "ambFace">
				<pattr name = "key" value = "6" />
				<pattr name = "legato" value = "100" />
				<pattr name = "loud" value = "81" />
				<pattr name = "on" value = "1" />
				<pattr name = "pitch" value = "88" />
				<pattr name = "pulse" value = "30" />
				<pattr name = "range" value = "1" />
				<pattr name = "repeatprob" value = "0.1" />
				<pattr name = "rhy" value = "0" />
				<pattr name = "sound" value = "12" />
				<pattr name = "stepprob" value = "0.1" />
			</patcher>
		</patcher>
		<patcher name = "critter[3]">
			<patcher name = "ambFace">
				<pattr name = "key" value = "6" />
				<pattr name = "legato" value = "100" />
				<pattr name = "loud" value = "95" />
				<pattr name = "on" value = "1" />
				<pattr name = "pitch" value = "86" />
				<pattr name = "pulse" value = "135" />
				<pattr name = "range" value = "4" />
				<pattr name = "repeatprob" value = "0.1" />
				<pattr name = "rhy" value = "0" />
				<pattr name = "sound" value = "12" />
				<pattr name = "stepprob" value = "0.1" />
			</patcher>
		</patcher>
		<patcher name = "critter[4]">
			<patcher name = "ambFace">
				<pattr name = "key" value = "6" />
				<pattr name = "legato" value = "100" />
				<pattr name = "loud" value = "83" />
				<pattr name = "on" value = "1" />
				<pattr name = "pitch" value = "42" />
				<pattr name = "pulse" value = "60" />
				<pattr name = "range" value = "11" />
				<pattr name = "repeatprob" value = "0.1" />
				<pattr name = "rhy" value = "0" />
				<pattr name = "sound" value = "12" />
				<pattr name = "stepprob" value = "0.1" />
			</patcher>
		</patcher>
	</slot>
	<slot number = "4">
		<pattr name = "mood" value = "#-lyd" />
		<pattr name = "tempo" value = "45" />
		<patcher name = "critter[1]">
			<patcher name = "ambFace">
				<pattr name = "key" value = "9" />
				<pattr name = "legato" value = "100" />
				<pattr name = "loud" value = "112" />
				<pattr name = "on" value = "1" />
				<pattr name = "pitch" value = "71" />
				<pattr name = "pulse" value = "90" />
				<pattr name = "range" value = "2" />
				<pattr name = "repeatprob" value = "0.1" />
				<pattr name = "rhy" value = "0" />
				<pattr name = "sound" value = "12" />
				<pattr name = "stepprob" value = "0.1" />
			</patcher>
		</patcher>
		<patcher name = "critter[2]">
			<patcher name = "ambFace">
				<pattr name = "key" value = "9" />
				<pattr name = "legato" value = "100" />
				<pattr name = "loud" value = "103" />
				<pattr name = "on" value = "1" />
				<pattr name = "pitch" value = "25" />
				<pattr name = "pulse" value = "15" />
				<pattr name = "range" value = "7" />
				<pattr name = "repeatprob" value = "0.1" />
				<pattr name = "rhy" value = "0" />
				<pattr name = "sound" value = "12" />
				<pattr name = "stepprob" value = "0.1" />
			</patcher>
		</patcher>
		<patcher name = "critter[3]">
			<patcher name = "ambFace">
				<pattr name = "key" value = "9" />
				<pattr name = "legato" value = "100" />
				<pattr name = "loud" value = "117" />
				<pattr name = "on" value = "1" />
				<pattr name = "pitch" value = "86" />
				<pattr name = "pulse" value = "135" />
				<pattr name = "range" value = "4" />
				<pattr name = "repeatprob" value = "0.1" />
				<pattr name = "rhy" value = "0" />
				<pattr name = "sound" value = "12" />
				<pattr name = "stepprob" value = "0.1" />
			</patcher>
		</patcher>
		<patcher name = "critter[4]">
			<patcher name = "ambFace">
				<pattr name = "key" value = "9" />
				<pattr name = "legato" value = "100" />
				<pattr name = "loud" value = "64" />
				<pattr name = "on" value = "1" />
				<pattr name = "pitch" value = "42" />
				<pattr name = "pulse" value = "60" />
				<pattr name = "range" value = "11" />
				<pattr name = "repeatprob" value = "0.1" />
				<pattr name = "rhy" value = "0" />
				<pattr name = "sound" value = "12" />
				<pattr name = "stepprob" value = "0.1" />
			</patcher>
		</patcher>
	</slot>
</pattrstorage>

