<?xml version="1.0" encoding="iso-8859-1" standalone="yes"?>

<pattrstorage name = "ambDefault">
	<slot number = "1">
		<pattr name = "mood" value = "pent" />
		<pattr name = "tempo" value = "60" />
		<patcher name = "critter[1]">
			<patcher name = "ambFace">
				<pattr name = "key" value = "0" />
				<pattr name = "legato" value = "100" />
				<pattr name = "loud" value = "100" />
				<pattr name = "on" value = "0" />
				<pattr name = "pitch" value = "60" />
				<pattr name = "pulse" value = "120" />
				<pattr name = "range" value = "12" />
				<pattr name = "repeatprob" value = "0.1" />
				<pattr name = "rhy" value = "0" />
				<pattr name = "sound" value = "12" />
				<pattr name = "stepprob" value = "0.1" />
			</patcher>
		</patcher>
		<patcher name = "critter[2]">
			<patcher name = "ambFace">
				<pattr name = "key" value = "0" />
				<pattr name = "legato" value = "100" />
				<pattr name = "loud" value = "100" />
				<pattr name = "on" value = "0" />
				<pattr name = "pitch" value = "60" />
				<pattr name = "pulse" value = "90" />
				<pattr name = "range" value = "12" />
				<pattr name = "repeatprob" value = "0.1" />
				<pattr name = "rhy" value = "0" />
				<pattr name = "sound" value = "2" />
				<pattr name = "stepprob" value = "0.1" />
			</patcher>
		</patcher>
		<patcher name = "critter[3]">
			<patcher name = "ambFace">
				<pattr name = "key" value = "0" />
				<pattr name = "legato" value = "100" />
				<pattr name = "loud" value = "100" />
				<pattr name = "on" value = "0" />
				<pattr name = "pitch" value = "60" />
				<pattr name = "pulse" value = "60" />
				<pattr name = "range" value = "12" />
				<pattr name = "repeatprob" value = "0.1" />
				<pattr name = "rhy" value = "0" />
				<pattr name = "sound" value = "32" />
				<pattr name = "stepprob" value = "0.1" />
			</patcher>
		</patcher>
		<patcher name = "critter[4]">
			<patcher name = "ambFace">
				<pattr name = "key" value = "0" />
				<pattr name = "legato" value = "100" />
				<pattr name = "loud" value = "100" />
				<pattr name = "on" value = "0" />
				<pattr name = "pitch" value = "60" />
				<pattr name = "pulse" value = "30" />
				<pattr name = "range" value = "12" />
				<pattr name = "repeatprob" value = "0.1" />
				<pattr name = "rhy" value = "0" />
				<pattr name = "sound" value = "77" />
				<pattr name = "stepprob" value = "0.1" />
			</patcher>
		</patcher>
	</slot>
	<slot number = "2">
		<pattr name = "mood" value = "pent" />
		<pattr name = "tempo" value = "189" />
		<patcher name = "critter[1]">
			<patcher name = "ambFace">
				<pattr name = "key" value = "0" />
				<pattr name = "legato" value = "100" />
				<pattr name = "loud" value = "100" />
				<pattr name = "on" value = "0" />
				<pattr name = "pitch" value = "60" />
				<pattr name = "pulse" value = "30" />
				<pattr name = "range" value = "6" />
				<pattr name = "repeatprob" value = "0.1" />
				<pattr name = "rhy" value = "0" />
				<pattr name = "sound" value = "10" />
				<pattr name = "stepprob" value = "0.1" />
			</patcher>
		</patcher>
		<patcher name = "critter[2]">
			<patcher name = "ambFace">
				<pattr name = "key" value = "0" />
				<pattr name = "legato" value = "100" />
				<pattr name = "loud" value = "100" />
				<pattr name = "on" value = "0" />
				<pattr name = "pitch" value = "60" />
				<pattr name = "pulse" value = "60" />
				<pattr name = "range" value = "6" />
				<pattr name = "repeatprob" value = "0.1" />
				<pattr name = "rhy" value = "0" />
				<pattr name = "sound" value = "17" />
				<pattr name = "stepprob" value = "0.1" />
			</patcher>
		</patcher>
		<patcher name = "critter[3]">
			<patcher name = "ambFace">
				<pattr name = "key" value = "0" />
				<pattr name = "legato" value = "100" />
				<pattr name = "loud" value = "100" />
				<pattr name = "on" value = "0" />
				<pattr name = "pitch" value = "60" />
				<pattr name = "pulse" value = "30" />
				<pattr name = "range" value = "6" />
				<pattr name = "repeatprob" value = "0.1" />
				<pattr name = "rhy" value = "0" />
				<pattr name = "sound" value = "7" />
				<pattr name = "stepprob" value = "0.1" />
			</patcher>
		</patcher>
		<patcher name = "critter[4]">
			<patcher name = "ambFace">
				<pattr name = "key" value = "0" />
				<pattr name = "legato" value = "100" />
				<pattr name = "loud" value = "100" />
				<pattr name = "on" value = "0" />
				<pattr name = "pitch" value = "60" />
				<pattr name = "pulse" value = "15" />
				<pattr name = "range" value = "6" />
				<pattr name = "repeatprob" value = "0.1" />
				<pattr name = "rhy" value = "0" />
				<pattr name = "sound" value = "23" />
				<pattr name = "stepprob" value = "0.1" />
			</patcher>
		</patcher>
	</slot>
</pattrstorage>

